<ImportExportXml xmlns:xsi="http://www.w3.org/2001/XMLSchema-instance">
  <Entities>
    <Entity>
      <Name LocalizedName="Chat Activity" OriginalName="Chat Activity">cxlvhlp_chatactivity</Name>
      <EntityInfo>
        <entity Name="cxlvhlp_chatactivity">
          <attributes>
            <attribute PhysicalName="cmc_ReneeChatTranscript">
              <Type>ntext</Type>
              <Name>cmc_reneechattranscript</Name>
              <LogicalName>cmc_reneechattranscript</LogicalName>
              <RequiredLevel>none</RequiredLevel>
              <DisplayMask>ValidForAdvancedFind|ValidForForm|ValidForGrid</DisplayMask>
              <ImeMode>auto</ImeMode>
              <ValidForUpdateApi>1</ValidForUpdateApi>
              <ValidForReadApi>1</ValidForReadApi>
              <ValidForCreateApi>1</ValidForCreateApi>
              <IsCustomField>1</IsCustomField>
              <IsAuditEnabled>1</IsAuditEnabled>
              <IsSecured>0</IsSecured>
              <IntroducedVersion>1.1</IntroducedVersion>
              <IsCustomizable>1</IsCustomizable>
              <IsRenameable>1</IsRenameable>
              <CanModifySearchSettings>1</CanModifySearchSettings>
              <CanModifyRequirementLevelSettings>1</CanModifyRequirementLevelSettings>
              <CanModifyAdditionalSettings>1</CanModifyAdditionalSettings>
              <SourceType>0</SourceType>
              <IsGlobalFilterEnabled>0</IsGlobalFilterEnabled>
              <IsSortableEnabled>0</IsSortableEnabled>
              <CanModifyGlobalFilterSettings>1</CanModifyGlobalFilterSettings>
              <CanModifyIsSortableSettings>1</CanModifyIsSortableSettings>
              <IsDataSourceSecret>0</IsDataSourceSecret>
              <AutoNumberFormat></AutoNumberFormat>
              <IsSearchable>0</IsSearchable>
              <IsFilterable>0</IsFilterable>
              <IsRetrievable>0</IsRetrievable>
              <IsLocalizable>0</IsLocalizable>
              <Format></Format>
              <MaxLength>1048576</MaxLength>
              <displaynames>
                <displayname description="Renee Chat Transcript" languagecode="1033" />
              </displaynames>
              <Descriptions>
                <Description description="Field used to store chat transcript between visitor and Renee bot." languagecode="1033" />
              </Descriptions>
            </attribute>
          </attributes>
          <EntitySetName>cxlvhlp_chatactivities</EntitySetName>
          <IsDuplicateCheckSupported>0</IsDuplicateCheckSupported>
          <IsBusinessProcessEnabled>0</IsBusinessProcessEnabled>
          <IsRequiredOffline>0</IsRequiredOffline>
          <IsInteractionCentricEnabled>0</IsInteractionCentricEnabled>
          <IsCollaboration>1</IsCollaboration>
          <AutoRouteToOwnerQueue>0</AutoRouteToOwnerQueue>
          <IsConnectionsEnabled>1</IsConnectionsEnabled>
          <EntityColor></EntityColor>
          <IsDocumentManagementEnabled>0</IsDocumentManagementEnabled>
          <AutoCreateAccessTeams>0</AutoCreateAccessTeams>
          <IsOneNoteIntegrationEnabled>0</IsOneNoteIntegrationEnabled>
          <IsKnowledgeManagementEnabled>0</IsKnowledgeManagementEnabled>
          <IsSLAEnabled>0</IsSLAEnabled>
          <IsDocumentRecommendationsEnabled>0</IsDocumentRecommendationsEnabled>
          <IsBPFEntity>0</IsBPFEntity>
          <OwnershipTypeMask>UserOwned</OwnershipTypeMask>
          <IsAuditEnabled>0</IsAuditEnabled>
          <IsRetrieveAuditEnabled>0</IsRetrieveAuditEnabled>
          <IsRetrieveMultipleAuditEnabled>0</IsRetrieveMultipleAuditEnabled>
          <IsActivity>1</IsActivity>
          <ActivityTypeMask>CommunicationActivity</ActivityTypeMask>
          <IsActivityParty>0</IsActivityParty>
          <IsReplicated>1</IsReplicated>
          <IsReplicationUserFiltered>1</IsReplicationUserFiltered>
          <IsMailMergeEnabled>0</IsMailMergeEnabled>
          <IsVisibleInMobile>0</IsVisibleInMobile>
          <IsVisibleInMobileClient>0</IsVisibleInMobileClient>
          <IsReadOnlyInMobileClient>0</IsReadOnlyInMobileClient>
          <IsOfflineInMobileClient>0</IsOfflineInMobileClient>
          <DaysSinceRecordLastModified>0</DaysSinceRecordLastModified>
          <MobileOfflineFilters></MobileOfflineFilters>
          <IsMapiGridEnabled>1</IsMapiGridEnabled>
          <IsReadingPaneEnabled>0</IsReadingPaneEnabled>
          <IsQuickCreateEnabled>0</IsQuickCreateEnabled>
          <SyncToExternalSearchIndex>0</SyncToExternalSearchIndex>
          <IntroducedVersion>5.0.0.0</IntroducedVersion>
          <EnforceStateTransitions>0</EnforceStateTransitions>
          <EntityHelpUrlEnabled>0</EntityHelpUrlEnabled>
          <ChangeTrackingEnabled>0</ChangeTrackingEnabled>
          <IsEnabledForExternalChannels>0</IsEnabledForExternalChannels>
          <IsSolutionAware>0</IsSolutionAware>
          <HasRelatedNotes>True</HasRelatedNotes>
          <HasRelatedFeedback>True</HasRelatedFeedback>
        </entity>
      </EntityInfo>
      <FormXml>
        <forms type="main">
          <systemform>
            <formid>{b428ece6-eb3b-4fb3-8b20-fed3d6132e50}</formid>
            <IntroducedVersion>1.0.0.0</IntroducedVersion>
            <FormPresentation>1</FormPresentation>
            <FormActivationState>1</FormActivationState>
            <form>
              <tabs>
                <tab verticallayout="true" id="{d152d165-364b-48e6-b829-854b9f338879}" IsUserDefined="1" expanded="false" locklevel="0" showlabel="false" ordinalvalue="0" solutionaction="Modified">
                  <columns>
                    <column width="35%" id="0">
                      <sections>
                        <section showlabel="true" showbar="false" IsUserDefined="0" id="{fdc07d72-aedc-461f-8021-d02e294a6f1f}" height="auto" columns="1" locklevel="0" labelwidth="170" celllabelalignment="Left" celllabelposition="Left" ordinalvalue="0">
                          <rows>
                            <row>
                              <cell id="{202c68de-a7e5-4c59-8bbf-2116ed37cb9c}" ordinalvalue="10000">
                                <labels>
                                  <label description="Subject" languagecode="1033" solutionaction="Added" />
                                  <label description="主題" languagecode="3076" solutionaction="Added" />
                                  <label description="Asunto" languagecode="3082" solutionaction="Added" />
                                </labels>
                              </cell>
                            </row>
                            <row>
                              <cell id="{76ae1cfa-6d28-416e-816d-7c82ec46171c}" showlabel="true" locklevel="0" ordinalvalue="10001">
                                <labels>
                                  <label description="To" languagecode="1033" solutionaction="Added" />
                                  <label description="接收者" languagecode="3076" solutionaction="Added" />
                                </labels>
                              </cell>
                            </row>
                            <row>
                              <cell id="{6228c115-c299-4e1e-84a8-4da9bd37c93e}" showlabel="true" locklevel="0" ordinalvalue="10002">
                                <labels>
                                  <label description="Customer" languagecode="1033" solutionaction="Added" />
                                  <label description="客戶" languagecode="3076" solutionaction="Added" />
                                  <label description="Cliente" languagecode="3082" solutionaction="Added" />
                                </labels>
                              </cell>
                            </row>
                            <row>
                              <cell id="{585bd5c2-bf0b-4e4a-b2bc-e154e818b497}" ordinalvalue="10003">
                                <labels>
                                  <label description="Regarding" languagecode="1033" solutionaction="Added" />
                                  <label description="相關" languagecode="3076" solutionaction="Added" />
                                  <label description="Referente a" languagecode="3082" solutionaction="Added" />
                                </labels>
                              </cell>
                            </row>
                            <row>
                              <cell id="{38aaa3b9-8579-4e04-b315-ad0cf35018fa}" showlabel="true" locklevel="0" ordinalvalue="10004">
                                <labels>
                                  <label description="Skill" languagecode="1033" solutionaction="Added" />
                                  <label description="Nombre de la habilidad" languagecode="3082" solutionaction="Added" />
                                </labels>
                              </cell>
                            </row>
                          </rows>
                        </section>
                        <section name="Chat_Session" showlabel="true" showbar="false" locklevel="0" id="{7b413f44-7201-41e0-b8f8-76f5b1a391dd}" IsUserDefined="0" layout="varwidth" columns="1" labelwidth="170" celllabelalignment="Left" celllabelposition="Left" ordinalvalue="1">
                          <rows>
                            <row>
                              <cell id="{e1a087cd-993c-4ddc-bd71-8c8876471c9e}" showlabel="true" locklevel="1" ordinalvalue="10000">
                                <labels>
                                  <label description="Chat Transcript URL" languagecode="1033" solutionaction="Added" />
                                  <label description="聊天文字記錄 URL" languagecode="3076" solutionaction="Added" />
                                  <label description="URL de transcripción del chat" languagecode="3082" solutionaction="Added" />
                                </labels>
                              </cell>
                            </row>
                            <row>
                              <cell id="{b5a770ad-6160-432d-983b-386734b8258c}" showlabel="true" locklevel="0" ordinalvalue="10001">
                                <labels>
                                  <label description="Chat Session ID" languagecode="1033" solutionaction="Added" />
                                  <label description="聊天工作階段識別碼" languagecode="3076" solutionaction="Added" />
                                  <label description="Id. de sesión de chat" languagecode="3082" solutionaction="Added" />
                                </labels>
                              </cell>
                            </row>
                            <row>
                              <cell id="{e45b9fa8-b057-4da3-b261-7e16f39f16b8}" showlabel="true" locklevel="0" ordinalvalue="10002">
                                <labels>
                                  <label description="Start Time" languagecode="1033" solutionaction="Added" />
                                  <label description="開始時間" languagecode="3076" solutionaction="Added" />
                                  <label description="Hora de inicio" languagecode="3082" solutionaction="Added" />
                                </labels>
                              </cell>
                            </row>
                            <row>
                              <cell id="{d05fa0e9-072d-4f60-85af-775dea06e7fd}" showlabel="true" locklevel="0" ordinalvalue="10003">
                                <labels>
                                  <label description="End Time" languagecode="1033" solutionaction="Added" />
                                  <label description="結束時間" languagecode="3076" solutionaction="Added" />
                                  <label description="Hora de finalización" languagecode="3082" solutionaction="Added" />
                                </labels>
                              </cell>
                            </row>
                            <row>
                              <cell id="{392b043b-2482-9646-0d3e-42ae03e0766c}" showlabel="true" locklevel="0" ordinalvalue="10004">
                                <labels>
                                  <label description="End Reason" languagecode="1033" solutionaction="Added" />
                                  <label description="Razón de finalización" languagecode="3082" solutionaction="Added" />
                                </labels>
                              </cell>
                            </row>
                          </rows>
                        </section>
                        <section name="Other_Details" showlabel="true" showbar="false" locklevel="0" id="{07bb6143-1e97-47bf-b9b7-c520be20cc8f}" IsUserDefined="0" layout="varwidth" columns="1" labelwidth="170" celllabelalignment="Left" celllabelposition="Left" ordinalvalue="2">
                          <rows>
                            <row>
                              <cell id="{ac0c7114-d97d-4482-9ba9-df6aefda08af}" showlabel="true" locklevel="0" ordinalvalue="10000">
                                <labels>
                                  <label description="Chat Origin" languagecode="1033" solutionaction="Added" />
                                  <label description="聊天來源" languagecode="3076" solutionaction="Added" />
                                  <label description="Origen del chat" languagecode="3082" solutionaction="Added" />
                                </labels>
                              </cell>
                            </row>
                            <row>
                              <cell id="{08066e60-8c99-4c61-99aa-eb2d039444a8}" showlabel="true" locklevel="0" ordinalvalue="10001">
                                <labels>
                                  <label description="Is Customer Authenticated" languagecode="1033" solutionaction="Added" />
                                  <label description="客戶是否已驗證" languagecode="3076" solutionaction="Added" />
                                  <label description="Cliente autenticado" languagecode="3082" solutionaction="Added" />
                                </labels>
                              </cell>
                            </row>
                            <row>
                              <cell id="{8feeb300-93be-4b2a-8e50-0f5daf54ae8f}" showlabel="true" locklevel="0" ordinalvalue="10002">
                                <labels>
                                  <label description="Source Page URL" languagecode="1033" solutionaction="Added" />
                                  <label description="來源頁面 URL" languagecode="3076" solutionaction="Added" />
                                  <label description="Dirección URL de la página de origen" languagecode="3082" solutionaction="Added" />
                                </labels>
                              </cell>
                            </row>
                            <row>
                              <cell id="{0cb969f2-ce45-42e6-af84-ae0142e7cdd6}" showlabel="true" locklevel="0" ordinalvalue="10003">
                                <labels>
                                  <label description="Agent Client Type" languagecode="1033" solutionaction="Added" />
                                  <label description="專員用戶端類型" languagecode="3076" solutionaction="Added" />
                                  <label description="Tipo de cliente del agente" languagecode="3082" solutionaction="Added" />
                                </labels>
                              </cell>
                            </row>
                            <row>
                              <cell id="{3935d751-4dd5-43b3-b8e4-e4c923e95e19}" showlabel="true" locklevel="0" ordinalvalue="10004">
                                <labels>
                                  <label description="Chat Transfers" languagecode="1033" solutionaction="Added" />
                                  <label description="聊天轉移" languagecode="3076" solutionaction="Added" />
                                  <label description="Transferencias del chat" languagecode="3082" solutionaction="Added" />
                                </labels>
                              </cell>
                            </row>
                            <row>
                              <cell id="{88255c34-f3a5-4bf0-969a-449792bc11cf}" showlabel="true" locklevel="0" ordinalvalue="10005">
                                <labels>
                                  <label description="Co-Browse Sessions" languagecode="1033" solutionaction="Added" />
                                  <label description="共同瀏覽工作階段" languagecode="3076" solutionaction="Added" />
                                  <label description="Sesiones de exploración compartida" languagecode="3082" solutionaction="Added" />
                                </labels>
                              </cell>
                            </row>
                          </rows>
                        </section>
                        <section name="cxlvhlp_bot_analytics" showlabel="true" showbar="false" locklevel="0" id="{aa3388f6-8b21-4267-9ac3-dcaf1bcdfad9}" IsUserDefined="0" layout="varwidth" columns="11" labelwidth="170" celllabelalignment="Left" celllabelposition="Left" ordinalvalue="3">
                          <rows>
                            <row>
                              <cell id="{3771d227-ddad-4678-b2d8-a8a7f63e4e0e}" showlabel="true" locklevel="0" colspan="2" ordinalvalue="10000">
                                <labels>
                                  <label description="Chatbot Name" languagecode="1033" solutionaction="Added" />
                                  <label description="聊天機器人名稱" languagecode="3076" solutionaction="Added" />
                                  <label description="Nombre de bot de chat" languagecode="3082" solutionaction="Added" />
                                </labels>
                              </cell>
                            </row>
                            <row>
                              <cell id="{4f46c595-8383-4207-b8b1-e1d6052481b5}" showlabel="true" locklevel="0" colspan="2" ordinalvalue="10001">
                                <labels>
                                  <label description="Channel" languagecode="1033" solutionaction="Added" />
                                  <label description="管道" languagecode="3076" solutionaction="Added" />
                                  <label description="Canal" languagecode="3082" solutionaction="Added" />
                                </labels>
                              </cell>
                            </row>
                            <row>
                              <cell id="{2fe4ac27-cb9c-4f08-91ab-0247f3bf6f24}" showlabel="true" locklevel="0" colspan="2" ordinalvalue="10002">
                                <labels>
                                  <label description="Bot Escalation" languagecode="1033" solutionaction="Added" />
                                  <label description="Bot 上呈" languagecode="3076" solutionaction="Added" />
                                  <label description="Remisión a una instancia superior de bot" languagecode="3082" solutionaction="Added" />
                                </labels>
                              </cell>
                            </row>
                            <row>
                              <cell id="{363c70f6-712a-410c-ba2f-c221d4c92da3}" showlabel="true" locklevel="0" colspan="2" ordinalvalue="10003">
                                <labels>
                                  <label description="Escalated On" languagecode="1033" solutionaction="Added" />
                                  <label description="上呈於" languagecode="3076" solutionaction="Added" />
                                  <label description="Remitido a una instancia superior el" languagecode="3082" solutionaction="Added" />
                                </labels>
                              </cell>
                            </row>
                            <row>
                              <cell id="{75224131-6978-4b8b-90f5-2517ae46f66f}" showlabel="false" colspan="2" auto="false" rowspan="6" ordinalvalue="10004">
                                <control id="cxlvhlp_knowledgearticlessentbybot" classid="{E7A81278-8635-4d9e-8D4D-59480B391C5B}" indicationOfSubgrid="true" uniqueid="{34abe567-4abb-4d3e-ba21-f572dc52ab7b}">
                                  <parameters>
                                    <HeaderColorCode solutionaction="Added" />
                                  </parameters>
                                </control>
                              </cell>
                            </row>
                          </rows>
                        </section>
                        <section name="{d152d165-364b-48e6-b829-854b9f338879}_section_13" showlabel="false" showbar="false" locklevel="0" id="{6b647053-33d5-a868-d2c1-e687816564ad}" IsUserDefined="0" layout="varwidth" columns="1" labelwidth="115" ordinalvalue="4" solutionaction="Added">
                          <labels>
                            <label description="Section" languagecode="1033" />
                          </labels>
                          <rows>
                            <row>
                              <cell id="{33a68066-a3ac-9334-1ae8-b7aba42cce32}" showlabel="false" ordinalvalue="10000">
                                <labels>
                                  <label description="" languagecode="1033" />
                                </labels>
                              </cell>
                            </row>
                          </rows>
                        </section>
                        <section name="{d152d165-364b-48e6-b829-854b9f338879}_section_14" showlabel="false" showbar="false" locklevel="0" id="{27954847-5c1e-27e0-aadc-e89299cc7277}" IsUserDefined="0" layout="varwidth" columns="1" labelwidth="115" ordinalvalue="5" solutionaction="Added">
                          <labels>
                            <label description="Section" languagecode="1033" />
                          </labels>
                          <rows>
                            <row>
                              <cell id="{ae8aeed2-1e22-ec2d-29e5-213955b87e80}" showlabel="false" ordinalvalue="10000">
                                <labels>
                                  <label description="" languagecode="1033" />
                                </labels>
                              </cell>
                            </row>
                          </rows>
                        </section>
                      </sections>
                    </column>
                    <column width="35%" id="1">
                      <sections>
                        <section name="{d152d165-364b-48e6-b829-854b9f338879}_section_8" showlabel="true" showbar="false" locklevel="0" id="{1ebbd6c6-2eda-44de-b443-ce0bdd1ecbb9}" IsUserDefined="0" layout="varwidth" columns="11" labelwidth="115" celllabelalignment="Left" celllabelposition="Left" ordinalvalue="0">
                          <rows>
                            <row>
                              <cell id="{6b891b75-8695-4dbd-b56c-4da8ced58b1b}" showlabel="false" colspan="2" auto="false" rowspan="6" ordinalvalue="10000">
                                <labels>
                                  <label description="機器人交談的知識記錄" languagecode="3076" solutionaction="Added" />
                                  <label description="Registros de conocimientos de conversación de bot" languagecode="3082" solutionaction="Added" />
                                </labels>
                              </cell>
                            </row>
                          </rows>
                        </section>
                        <section name="{d152d165-364b-48e6-b829-854b9f338879}_section_7" showlabel="true" showbar="false" locklevel="0" id="{9d551621-ea68-4c6f-8672-44b4c24dd7dc}" IsUserDefined="0" layout="varwidth" columns="1" labelwidth="115" height="auto" celllabelalignment="Left" celllabelposition="Left" ordinalvalue="1">
                          <rows>
                            <row>
                              <cell id="{9aa1e093-4bb2-46fc-98ec-8c2ef11a8068}" showlabel="true" locklevel="0" ordinalvalue="10000">
                                <labels>
                                  <label description="Visitor Country" languagecode="1033" solutionaction="Added" />
                                  <label description="País del visitante" languagecode="3082" solutionaction="Added" />
                                </labels>
                              </cell>
                            </row>
                            <row>
                              <cell id="{801a3a58-2675-44bc-adf3-89fefc049910}" showlabel="true" locklevel="0" ordinalvalue="10001">
                                <labels>
                                  <label description="Visitor City" languagecode="1033" solutionaction="Added" />
                                  <label description="Ciudad de visitantes" languagecode="3082" solutionaction="Added" />
                                </labels>
                              </cell>
                            </row>
                            <row>
                              <cell id="{58de088e-1578-4426-b8ff-59638be67de5}" showlabel="true" locklevel="0" ordinalvalue="10002">
                                <labels>
                                  <label description="Visitor Language" languagecode="1033" solutionaction="Added" />
                                  <label description="Idioma del visitante" languagecode="3082" solutionaction="Added" />
                                </labels>
                              </cell>
                            </row>
                            <row>
                              <cell id="{0e899c80-d2b9-401e-a898-ed0216327cee}" showlabel="true" locklevel="0" ordinalvalue="10003">
                                <labels>
                                  <label description="Visitor Device" languagecode="1033" solutionaction="Added" />
                                  <label description="Dispositivo de visitante" languagecode="3082" solutionaction="Added" />
                                </labels>
                              </cell>
                            </row>
                            <row>
                              <cell id="{8672ed1f-b2c6-492e-af45-b83c583458d1}" showlabel="true" locklevel="0" ordinalvalue="10004">
                                <labels>
                                  <label description="Visitor OS" languagecode="1033" solutionaction="Added" />
                                  <label description="SO visitante" languagecode="3082" solutionaction="Added" />
                                </labels>
                              </cell>
                            </row>
                            <row>
                              <cell id="{564853ad-efc8-4f03-983b-0989ce62a114}" showlabel="true" locklevel="0" ordinalvalue="10006">
                                <labels>
                                  <label description="Visitor IP Address" languagecode="1033" solutionaction="Added" />
                                  <label description="Dirección IP del visitante" languagecode="3082" solutionaction="Added" />
                                </labels>
                              </cell>
                            </row>
                            <row>
                              <cell id="{f05cba31-78b7-4ef0-aba6-7ba91a1e2cac}" showlabel="true" locklevel="0" ordinalvalue="10007">
                                <labels>
                                  <label description="Visitor First Name" languagecode="1033" solutionaction="Added" />
                                  <label description="Nombre del visitante" languagecode="3082" solutionaction="Added" />
                                </labels>
                              </cell>
                            </row>
                            <row>
                              <cell id="{0e1a100d-690b-4fa7-b613-3aa1bd7acf6c}" showlabel="true" locklevel="0" ordinalvalue="10008">
                                <labels>
                                  <label description="Visitor Email" languagecode="1033" solutionaction="Added" />
                                  <label description="Correo electrónico del visitante" languagecode="3082" solutionaction="Added" />
                                </labels>
                              </cell>
                            </row>
                            <row>
                              <cell id="{eced7e29-9fdd-4f81-b205-26e1d8a0e8f0}" showlabel="true" locklevel="0" ordinalvalue="10009">
                                <labels>
                                  <label description="Tiempo de espera en Millis" languagecode="3082" solutionaction="Added" />
                                </labels>
                              </cell>
                            </row>
                          </rows>
                        </section>
                        <section name="{d152d165-364b-48e6-b829-854b9f338879}_section_10" showlabel="true" showbar="false" locklevel="0" id="{ca8baa32-24e6-4575-b846-82f58fb5646a}" IsUserDefined="0" layout="varwidth" columns="1" labelwidth="115" celllabelalignment="Left" celllabelposition="Left" ordinalvalue="2">
                          <rows>
                            <row>
                              <cell id="{91b2b6a9-a2d1-4b03-966d-b2eb879b85f9}" showlabel="true" locklevel="0" visible="false" ordinalvalue="10001">
                                <labels>
                                  <label description="browser context lookup" languagecode="1033" solutionaction="Added" />
                                </labels>
                              </cell>
                            </row>
                          </rows>
                        </section>
                        <section name="{d152d165-364b-48e6-b829-854b9f338879}_section_7_2" showlabel="true" showbar="false" locklevel="0" id="{089f3332-f70b-4e40-a6b0-1af104368f2b}" IsUserDefined="0" layout="varwidth" columns="1" labelwidth="115" celllabelalignment="Left" celllabelposition="Left" labelid="{4ec82374-4391-4758-bec2-43336facdb64}" ordinalvalue="4">
                          <rows>
                            <row>
                              <cell id="{0e87b9b2-01a2-4a14-972a-46df65e009ba}" showlabel="false" colspan="1" auto="false" rowspan="6" labelid="{7ebf4fd5-6404-41d5-b5ce-473b92e60e19}" ordinalvalue="10000">
                                <labels>
                                  <label description="機器人交談的知識記錄" languagecode="3076" solutionaction="Added" />
                                  <label description="Registros de conocimientos de conversación de bot" languagecode="3082" solutionaction="Added" />
                                </labels>
                              </cell>
                            </row>
                          </rows>
                        </section>
                      </sections>
                    </column>
                    <column width="30%" id="2">
                      <sections>
                        <section name="{d152d165-364b-48e6-b829-854b9f338879}_section_32" showlabel="true" showbar="false" locklevel="0" id="{0e87b9b2-01a2-4a14-972a-46df65e009ba}" IsUserDefined="0" layout="varwidth" columns="11" labelwidth="115" celllabelalignment="Left" celllabelposition="Left" ordinalvalue="0">
                          <rows>
                            <row>
                              <cell id="{4a001d26-3a4b-34de-0e1c-912625e210ea}" showlabel="false" colspan="2" auto="false" rowspan="6" ordinalvalue="10000">
                                <labels>
                                  <label description="機器人交談的知識記錄" languagecode="3076" solutionaction="Added" />
                                  <label description="Registros de conocimientos de conversación de bot" languagecode="3082" solutionaction="Added" />
                                </labels>
                              </cell>
                            </row>
                          </rows>
                        </section>
                        <section showlabel="false" showbar="false" id="{c3515ad3-94ec-4aa4-a4b4-06a52764dcf0}" IsUserDefined="0" height="auto" ordinalvalue="1">
                          <rows>
                            <row>
                              <cell showlabel="false" rowspan="15" auto="false" id="{f314e2e6-5b9e-441e-b234-06c40c1625f2}" ordinalvalue="10000">
                                <control id="notescontrol" classid="{06375649-c143-495e-a496-c962e5b4488e}" uniqueid="{454417ab-664b-71d5-b539-cd45cea334aa}" solutionaction="Modified" />
                              </cell>
                            </row>
                          </rows>
                        </section>
                      </sections>
                    </column>
                  </columns>
                </tab>
                <tab name="tab_3" id="{1096754c-1c02-7400-9195-ddd6e4557711}" IsUserDefined="0" locklevel="0" showlabel="true" expanded="true" ordinalvalue="1" solutionaction="Added">
                  <labels>
                    <label description="Renee Chat Transcript" languagecode="1033" />
                  </labels>
                  <columns>
                    <column width="100%" id="0">
                      <sections>
                        <section name="tab_3_section_1" showlabel="false" showbar="false" locklevel="0" id="{0ddc6cbe-7120-9340-dc0c-ddc9e5a89c9d}" IsUserDefined="0" layout="varwidth" columns="1" labelwidth="115" height="auto" ordinalvalue="0">
                          <labels>
                            <label description="Section" languagecode="1033" />
                          </labels>
                          <rows>
                            <row>
                              <cell id="{08d720d4-0033-c958-39c6-ade7c081cb20}" showlabel="true" locklevel="0" auto="true" rowspan="15" ordinalvalue="10000">
                                <labels>
                                  <label description="Renee Chat Transcript" languagecode="1033" />
                                </labels>
                                <control id="cmc_reneechattranscript" classid="{E0DECE4B-6FC8-4a8f-A065-082708572369}" datafieldname="cmc_reneechattranscript" disabled="true" uniqueid="{a337a958-04ce-ee47-b192-9788a2b17dae}" />
                              </cell>
                            </row>
                            <row />
                            <row />
                            <row />
                            <row />
                            <row />
                            <row />
                            <row />
                            <row />
                            <row />
                            <row />
                            <row />
                            <row />
                            <row />
                            <row height="auto" />
                          </rows>
                        </section>
                      </sections>
                    </column>
                  </columns>
                </tab>
              </tabs>
              <header id="{7391f72e-68e1-41c4-9f93-dadd72625ac7}" celllabelposition="Top" columns="1111" labelwidth="115">
                <rows>
                  <row>
                    <cell id="{479a7d4d-d76c-438b-bbe2-e78cfe369128}" ordinalvalue="10000">
                      <labels>
                        <label description="Priority" languagecode="1033" solutionaction="Added" />
                        <label description="優先順序" languagecode="3076" solutionaction="Added" />
                        <label description="Prioridad" languagecode="3082" solutionaction="Added" />
                      </labels>
                    </cell>
                    <cell id="{7e689915-132c-41d4-9fbd-6cefd124a8d3}" ordinalvalue="20001">
                      <labels>
                        <label description="Due Date" languagecode="1033" solutionaction="Added" />
                        <label description="到期日" languagecode="3076" solutionaction="Added" />
                        <label description="Fecha de vencimiento" languagecode="3082" solutionaction="Added" />
                      </labels>
                    </cell>
                    <cell id="{0528d39a-fb8b-48e7-b5a1-7b4f23a6d5c9}" ordinalvalue="30002">
                      <labels>
                        <label description="Activity Status" languagecode="1033" solutionaction="Added" />
                        <label description="活動狀態" languagecode="3076" solutionaction="Added" />
                        <label description="Estado de la actividad" languagecode="3082" solutionaction="Added" />
                      </labels>
                    </cell>
                    <cell id="{68e34bda-caf8-4f98-9f83-1602a9dd8ac4}" ordinalvalue="40003">
                      <labels>
                        <label description="Owner" languagecode="1033" solutionaction="Added" />
                        <label description="負責人" languagecode="3076" solutionaction="Added" />
                        <label description="Propietario" languagecode="3082" solutionaction="Added" />
                      </labels>
                    </cell>
                  </row>
                </rows>
              </header>
            </form>
            <LocalizedNames>
              <LocalizedName description="Information" languagecode="1033" />
              <LocalizedName description="資訊" languagecode="3076" />
              <LocalizedName description="Información" languagecode="3082" />
            </LocalizedNames>
            <Descriptions>
              <Description description="A form for this entity." languagecode="1033" />
              <Description description="這個實體的表單。" languagecode="3076" />
              <Description description="Un formulario para esta entidad." languagecode="3082" />
            </Descriptions>
          </systemform>
        </forms>
      </FormXml>
      <RibbonDiffXml>
        <CustomActions />
        <Templates>
          <RibbonTemplates Id="Mscrm.Templates"></RibbonTemplates>
        </Templates>
        <CommandDefinitions />
        <RuleDefinitions>
          <TabDisplayRules />
          <DisplayRules />
          <EnableRules />
        </RuleDefinitions>
        <LocLabels />
      </RibbonDiffXml>
    </Entity>
  </Entities>
  <Roles></Roles>
  <Workflows></Workflows>
  <FieldSecurityProfiles></FieldSecurityProfiles>
  <Templates />
  <EntityMaps />
  <EntityRelationships />
  <OrganizationSettings />
  <optionsets />
  <CustomControls />
  <EntityDataProviders />
  <Languages>
    <Language>1033</Language>
    <Language>3076</Language>
    <Language>3082</Language>
  </Languages>
</ImportExportXml>