<ImportExportXml version="9.2.21073.141" SolutionPackageVersion="9.2" languagecode="1033" generatedBy="CrmLive" xmlns:xsi="http://www.w3.org/2001/XMLSchema-instance">
  <SolutionManifest>
    <UniqueName>CampusManagementReneeExtended</UniqueName>
    <LocalizedNames>
      <LocalizedName description="Campus Management Renee Extended" languagecode="1033" />
    </LocalizedNames>
    <Descriptions />
    <Version>1.1</Version>
    <Managed>1</Managed>
    <Publisher>
      <UniqueName>campusmanagement</UniqueName>
      <LocalizedNames>
        <LocalizedName description="Campus Management Corp." languagecode="1033" />
      </LocalizedNames>
      <Descriptions />
      <EMailAddress xsi:nil="true"></EMailAddress>
      <SupportingWebsiteUrl xsi:nil="true"></SupportingWebsiteUrl>
      <CustomizationPrefix>cmc</CustomizationPrefix>
      <CustomizationOptionValuePrefix>17549</CustomizationOptionValuePrefix>
      <Addresses>
        <Address>
          <AddressNumber>1</AddressNumber>
          <AddressTypeCode>1</AddressTypeCode>
          <City xsi:nil="true"></City>
          <County xsi:nil="true"></County>
          <Country xsi:nil="true"></Country>
          <Fax xsi:nil="true"></Fax>
          <FreightTermsCode xsi:nil="true"></FreightTermsCode>
          <ImportSequenceNumber xsi:nil="true"></ImportSequenceNumber>
          <Latitude xsi:nil="true"></Latitude>
          <Line1 xsi:nil="true"></Line1>
          <Line2 xsi:nil="true"></Line2>
          <Line3 xsi:nil="true"></Line3>
          <Longitude xsi:nil="true"></Longitude>
          <Name xsi:nil="true"></Name>
          <PostalCode xsi:nil="true"></PostalCode>
          <PostOfficeBox xsi:nil="true"></PostOfficeBox>
          <PrimaryContactName xsi:nil="true"></PrimaryContactName>
          <ShippingMethodCode>1</ShippingMethodCode>
          <StateOrProvince xsi:nil="true"></StateOrProvince>
          <Telephone1 xsi:nil="true"></Telephone1>
          <Telephone2 xsi:nil="true"></Telephone2>
          <Telephone3 xsi:nil="true"></Telephone3>
          <TimeZoneRuleVersionNumber xsi:nil="true"></TimeZoneRuleVersionNumber>
          <UPSZone xsi:nil="true"></UPSZone>
          <UTCOffset xsi:nil="true"></UTCOffset>
          <UTCConversionTimeZoneCode xsi:nil="true"></UTCConversionTimeZoneCode>
        </Address>
        <Address>
          <AddressNumber>2</AddressNumber>
          <AddressTypeCode>1</AddressTypeCode>
          <City xsi:nil="true"></City>
          <County xsi:nil="true"></County>
          <Country xsi:nil="true"></Country>
          <Fax xsi:nil="true"></Fax>
          <FreightTermsCode xsi:nil="true"></FreightTermsCode>
          <ImportSequenceNumber xsi:nil="true"></ImportSequenceNumber>
          <Latitude xsi:nil="true"></Latitude>
          <Line1 xsi:nil="true"></Line1>
          <Line2 xsi:nil="true"></Line2>
          <Line3 xsi:nil="true"></Line3>
          <Longitude xsi:nil="true"></Longitude>
          <Name xsi:nil="true"></Name>
          <PostalCode xsi:nil="true"></PostalCode>
          <PostOfficeBox xsi:nil="true"></PostOfficeBox>
          <PrimaryContactName xsi:nil="true"></PrimaryContactName>
          <ShippingMethodCode>1</ShippingMethodCode>
          <StateOrProvince xsi:nil="true"></StateOrProvince>
          <Telephone1 xsi:nil="true"></Telephone1>
          <Telephone2 xsi:nil="true"></Telephone2>
          <Telephone3 xsi:nil="true"></Telephone3>
          <TimeZoneRuleVersionNumber xsi:nil="true"></TimeZoneRuleVersionNumber>
          <UPSZone xsi:nil="true"></UPSZone>
          <UTCOffset xsi:nil="true"></UTCOffset>
          <UTCConversionTimeZoneCode xsi:nil="true"></UTCConversionTimeZoneCode>
        </Address>
      </Addresses>
    </Publisher>
    <RootComponents>
      <RootComponent type="1" schemaName="cxlvhlp_chatactivity" behavior="1" />
    </RootComponents>
    <MissingDependencies>
      <MissingDependency>
        <Required type="1" schemaName="cxlvhlp_chatactivity" displayName="Chat Activity" solution="LiveAssistByCafeX (3.5.0.0)" />
        <Dependent type="1" schemaName="cxlvhlp_chatactivity" displayName="Chat Activity" />
      </MissingDependency>
      <MissingDependency>
        <Required type="1" schemaName="cxlvhlp_chatactivity" displayName="Chat Activity" solution="LiveAssistByCafeX (3.5.0.0)" />
        <Dependent type="2" schemaName="cmc_reneechattranscript" displayName="Renee Chat Transcript" parentSchemaName="cxlvhlp_chatactivity" parentDisplayName="Chat Activity" />
      </MissingDependency>
      <MissingDependency>
        <Required type="1" schemaName="cxlvhlp_kbrecordsforbotconversation" displayName="Knowledge Records for Bot Conversation" solution="LiveAssistByCafeX (3.5.0.0)" />
        <Dependent type="60" displayName="Information" parentDisplayName="Chat Activity" id="{b428ece6-eb3b-4fb3-8b20-fed3d6132e50}" />
      </MissingDependency>
      <MissingDependency>
        <Required type="1" schemaName="cxlvhlp_pageview" displayName="Page View" solution="LiveAssistByCafeX (3.5.0.0)" />
        <Dependent type="60" displayName="Information" parentDisplayName="Chat Activity" id="{b428ece6-eb3b-4fb3-8b20-fed3d6132e50}" />
      </MissingDependency>
      <MissingDependency>
        <Required type="1" schemaName="cxlvhlp_surveyitem" displayName="Survey Item" solution="LiveAssistByCafeX (3.5.0.0)" />
        <Dependent type="60" displayName="Information" parentDisplayName="Chat Activity" id="{b428ece6-eb3b-4fb3-8b20-fed3d6132e50}" />
      </MissingDependency>
      <MissingDependency>
        <Required type="10" schemaName="cxlvhlp_chatactivity_BrowserContextLookup" displayName="cxlvhlp_chatactivity_BrowserContextLookup" parentSchemaName="cxlvhlp_browsercontext" parentDisplayName="Browser Context" solution="LiveAssistByCafeX (3.5.0.0)" />
        <Dependent type="60" displayName="Information" parentDisplayName="Chat Activity" id="{b428ece6-eb3b-4fb3-8b20-fed3d6132e50}" />
      </MissingDependency>
      <MissingDependency>
        <Required type="10" schemaName="cxlvhlp_chatactivity__pageview" displayName="cxlvhlp_chatactivity__pageview" parentSchemaName="cxlvhlp_chatactivity" parentDisplayName="Chat Activity" solution="LiveAssistByCafeX (3.5.0.0)" />
        <Dependent type="60" displayName="Information" parentDisplayName="Chat Activity" id="{b428ece6-eb3b-4fb3-8b20-fed3d6132e50}" />
      </MissingDependency>
      <MissingDependency>
        <Required type="10" schemaName="cxlvhlp_chatactivity__surveyitem" displayName="cxlvhlp_chatactivity__surveyitem" parentSchemaName="cxlvhlp_chatactivity" parentDisplayName="Chat Activity" solution="LiveAssistByCafeX (3.5.0.0)" />
        <Dependent type="60" displayName="Information" parentDisplayName="Chat Activity" id="{b428ece6-eb3b-4fb3-8b20-fed3d6132e50}" />
      </MissingDependency>
      <MissingDependency>
        <Required type="10" schemaName="cxlvhlp_knowledgearticlessentbybot_relationship" displayName="cxlvhlp_knowledgearticlessentbybot_relationship" parentSchemaName="cxlvhlp_chatactivity" parentDisplayName="Chat Activity" solution="LiveAssistByCafeX (3.5.0.0)" />
        <Dependent type="60" displayName="Information" parentDisplayName="Chat Activity" id="{b428ece6-eb3b-4fb3-8b20-fed3d6132e50}" />
      </MissingDependency>
      <MissingDependency>
        <Required type="10" schemaName="cxlvhlp_chatactivity_MobileContextLookup" displayName="cxlvhlp_chatactivity_MobileContextLookup" parentSchemaName="cxlvhlp_mobilecontext" parentDisplayName="Mobile Context" solution="LiveAssistByCafeX (3.5.0.0)" />
        <Dependent type="60" displayName="Information" parentDisplayName="Chat Activity" id="{b428ece6-eb3b-4fb3-8b20-fed3d6132e50}" />
      </MissingDependency>
      <MissingDependency>
        <Required type="2" schemaName="cxlvhlp_AgentClientType" displayName="Agent Client Type" parentSchemaName="cxlvhlp_chatactivity" parentDisplayName="Chat Activity" solution="LiveAssistByCafeX (3.5.0.0)" />
        <Dependent type="60" displayName="Information" parentDisplayName="Chat Activity" id="{b428ece6-eb3b-4fb3-8b20-fed3d6132e50}" />
      </MissingDependency>
      <MissingDependency>
        <Required type="2" schemaName="cxlvhlp_botescalation" displayName="Bot Escalation" parentSchemaName="cxlvhlp_chatactivity" parentDisplayName="Chat Activity" solution="LiveAssistByCafeX (3.5.0.0)" />
        <Dependent type="60" displayName="Information" parentDisplayName="Chat Activity" id="{b428ece6-eb3b-4fb3-8b20-fed3d6132e50}" />
      </MissingDependency>
      <MissingDependency>
        <Required type="2" schemaName="cxlvhlp_botname" displayName="Chatbot Name" parentSchemaName="cxlvhlp_chatactivity" parentDisplayName="Chat Activity" solution="LiveAssistByCafeX (3.5.0.0)" />
        <Dependent type="60" displayName="Information" parentDisplayName="Chat Activity" id="{b428ece6-eb3b-4fb3-8b20-fed3d6132e50}" />
      </MissingDependency>
      <MissingDependency>
        <Required type="2" schemaName="cxlvhlp_browsercontextlookup" displayName="browser context lookup" parentSchemaName="cxlvhlp_chatactivity" parentDisplayName="Chat Activity" solution="LiveAssistByCafeX (3.5.0.0)" />
        <Dependent type="60" displayName="Information" parentDisplayName="Chat Activity" id="{b428ece6-eb3b-4fb3-8b20-fed3d6132e50}" />
      </MissingDependency>
      <MissingDependency>
        <Required type="2" schemaName="cxlvhlp_channel" displayName="Channel" parentSchemaName="cxlvhlp_chatactivity" parentDisplayName="Chat Activity" solution="LiveAssistByCafeX (3.5.0.0)" />
        <Dependent type="60" displayName="Information" parentDisplayName="Chat Activity" id="{b428ece6-eb3b-4fb3-8b20-fed3d6132e50}" />
      </MissingDependency>
      <MissingDependency>
        <Required type="2" schemaName="cxlvhlp_chatendtime" displayName="End Time" parentSchemaName="cxlvhlp_chatactivity" parentDisplayName="Chat Activity" solution="LiveAssistByCafeX (3.5.0.0)" />
        <Dependent type="60" displayName="Information" parentDisplayName="Chat Activity" id="{b428ece6-eb3b-4fb3-8b20-fed3d6132e50}" />
      </MissingDependency>
      <MissingDependency>
        <Required type="2" schemaName="cxlvhlp_ChatOrigin" displayName="Chat Origin" parentSchemaName="cxlvhlp_chatactivity" parentDisplayName="Chat Activity" solution="LiveAssistByCafeX (3.5.0.0)" />
        <Dependent type="60" displayName="Information" parentDisplayName="Chat Activity" id="{b428ece6-eb3b-4fb3-8b20-fed3d6132e50}" />
      </MissingDependency>
      <MissingDependency>
        <Required type="2" schemaName="cxlvhlp_chatsessionid" displayName="Chat Session ID" parentSchemaName="cxlvhlp_chatactivity" parentDisplayName="Chat Activity" solution="LiveAssistByCafeX (3.5.0.0)" />
        <Dependent type="60" displayName="Information" parentDisplayName="Chat Activity" id="{b428ece6-eb3b-4fb3-8b20-fed3d6132e50}" />
      </MissingDependency>
      <MissingDependency>
        <Required type="2" schemaName="cxlvhlp_chatstarttime" displayName="Start Time" parentSchemaName="cxlvhlp_chatactivity" parentDisplayName="Chat Activity" solution="LiveAssistByCafeX (3.5.0.0)" />
        <Dependent type="60" displayName="Information" parentDisplayName="Chat Activity" id="{b428ece6-eb3b-4fb3-8b20-fed3d6132e50}" />
      </MissingDependency>
      <MissingDependency>
        <Required type="2" schemaName="cxlvhlp_chattranscripturl" displayName="Chat Transcript URL" parentSchemaName="cxlvhlp_chatactivity" parentDisplayName="Chat Activity" solution="LiveAssistByCafeX (3.5.0.0)" />
        <Dependent type="60" displayName="Information" parentDisplayName="Chat Activity" id="{b428ece6-eb3b-4fb3-8b20-fed3d6132e50}" />
      </MissingDependency>
      <MissingDependency>
        <Required type="2" schemaName="cxlvhlp_customer" displayName="Customer" parentSchemaName="cxlvhlp_chatactivity" parentDisplayName="Chat Activity" solution="LiveAssistByCafeX (3.5.0.0)" />
        <Dependent type="60" displayName="Information" parentDisplayName="Chat Activity" id="{b428ece6-eb3b-4fb3-8b20-fed3d6132e50}" />
      </MissingDependency>
      <MissingDependency>
        <Required type="2" schemaName="cxlvhlp_EndReason" displayName="End Reason" parentSchemaName="cxlvhlp_chatactivity" parentDisplayName="Chat Activity" solution="LiveAssistByCafeX (3.5.0.0)" />
        <Dependent type="60" displayName="Information" parentDisplayName="Chat Activity" id="{b428ece6-eb3b-4fb3-8b20-fed3d6132e50}" />
      </MissingDependency>
      <MissingDependency>
        <Required type="2" schemaName="cxlvhlp_escalatedon" displayName="Escalated On" parentSchemaName="cxlvhlp_chatactivity" parentDisplayName="Chat Activity" solution="LiveAssistByCafeX (3.5.0.0)" />
        <Dependent type="60" displayName="Information" parentDisplayName="Chat Activity" id="{b428ece6-eb3b-4fb3-8b20-fed3d6132e50}" />
      </MissingDependency>
      <MissingDependency>
        <Required type="2" schemaName="cxlvhlp_IsCustomerAuthenticated" displayName="Is Customer Authenticated" parentSchemaName="cxlvhlp_chatactivity" parentDisplayName="Chat Activity" solution="LiveAssistByCafeX (3.5.0.0)" />
        <Dependent type="60" displayName="Information" parentDisplayName="Chat Activity" id="{b428ece6-eb3b-4fb3-8b20-fed3d6132e50}" />
      </MissingDependency>
      <MissingDependency>
        <Required type="2" schemaName="cxlvhlp_isp" displayName="ISP" parentSchemaName="cxlvhlp_chatactivity" parentDisplayName="Chat Activity" solution="LiveAssistByCafeX (3.5.0.0)" />
        <Dependent type="60" displayName="Information" parentDisplayName="Chat Activity" id="{b428ece6-eb3b-4fb3-8b20-fed3d6132e50}" />
      </MissingDependency>
      <MissingDependency>
        <Required type="2" schemaName="cxlvhlp_mobilecontextlookup" displayName="mobile context lookup" parentSchemaName="cxlvhlp_chatactivity" parentDisplayName="Chat Activity" solution="LiveAssistByCafeX (3.5.0.0)" />
        <Dependent type="60" displayName="Information" parentDisplayName="Chat Activity" id="{b428ece6-eb3b-4fb3-8b20-fed3d6132e50}" />
      </MissingDependency>
      <MissingDependency>
        <Required type="2" schemaName="cxlvhlp_NumberOfChatTransfers" displayName="Chat Transfers" parentSchemaName="cxlvhlp_chatactivity" parentDisplayName="Chat Activity" solution="LiveAssistByCafeX (3.5.0.0)" />
        <Dependent type="60" displayName="Information" parentDisplayName="Chat Activity" id="{b428ece6-eb3b-4fb3-8b20-fed3d6132e50}" />
      </MissingDependency>
      <MissingDependency>
        <Required type="2" schemaName="cxlvhlp_NumberOfCobrowseSessions" displayName="Co-Browse Sessions" parentSchemaName="cxlvhlp_chatactivity" parentDisplayName="Chat Activity" solution="LiveAssistByCafeX (3.5.0.0)" />
        <Dependent type="60" displayName="Information" parentDisplayName="Chat Activity" id="{b428ece6-eb3b-4fb3-8b20-fed3d6132e50}" />
      </MissingDependency>
      <MissingDependency>
        <Required type="2" schemaName="cxlvhlp_skill" displayName="Skill" parentSchemaName="cxlvhlp_chatactivity" parentDisplayName="Chat Activity" solution="LiveAssistByCafeX (3.5.0.0)" />
        <Dependent type="60" displayName="Information" parentDisplayName="Chat Activity" id="{b428ece6-eb3b-4fb3-8b20-fed3d6132e50}" />
      </MissingDependency>
      <MissingDependency>
        <Required type="2" schemaName="cxlvhlp_SourcePageURL" displayName="Source Page URL" parentSchemaName="cxlvhlp_chatactivity" parentDisplayName="Chat Activity" solution="LiveAssistByCafeX (3.5.0.0)" />
        <Dependent type="60" displayName="Information" parentDisplayName="Chat Activity" id="{b428ece6-eb3b-4fb3-8b20-fed3d6132e50}" />
      </MissingDependency>
      <MissingDependency>
        <Required type="2" schemaName="cxlvhlp_visitorcity" displayName="Visitor City" parentSchemaName="cxlvhlp_chatactivity" parentDisplayName="Chat Activity" solution="LiveAssistByCafeX (3.5.0.0)" />
        <Dependent type="60" displayName="Information" parentDisplayName="Chat Activity" id="{b428ece6-eb3b-4fb3-8b20-fed3d6132e50}" />
      </MissingDependency>
      <MissingDependency>
        <Required type="2" schemaName="cxlvhlp_visitorcountry" displayName="Visitor Country" parentSchemaName="cxlvhlp_chatactivity" parentDisplayName="Chat Activity" solution="LiveAssistByCafeX (3.5.0.0)" />
        <Dependent type="60" displayName="Information" parentDisplayName="Chat Activity" id="{b428ece6-eb3b-4fb3-8b20-fed3d6132e50}" />
      </MissingDependency>
      <MissingDependency>
        <Required type="2" schemaName="cxlvhlp_visitordevice" displayName="Visitor Device" parentSchemaName="cxlvhlp_chatactivity" parentDisplayName="Chat Activity" solution="LiveAssistByCafeX (3.5.0.0)" />
        <Dependent type="60" displayName="Information" parentDisplayName="Chat Activity" id="{b428ece6-eb3b-4fb3-8b20-fed3d6132e50}" />
      </MissingDependency>
      <MissingDependency>
        <Required type="2" schemaName="cxlvhlp_visitoremail" displayName="Visitor Email" parentSchemaName="cxlvhlp_chatactivity" parentDisplayName="Chat Activity" solution="LiveAssistByCafeX (3.5.0.0)" />
        <Dependent type="60" displayName="Information" parentDisplayName="Chat Activity" id="{b428ece6-eb3b-4fb3-8b20-fed3d6132e50}" />
      </MissingDependency>
      <MissingDependency>
        <Required type="2" schemaName="cxlvhlp_visitorfirstname" displayName="Visitor First Name" parentSchemaName="cxlvhlp_chatactivity" parentDisplayName="Chat Activity" solution="LiveAssistByCafeX (3.5.0.0)" />
        <Dependent type="60" displayName="Information" parentDisplayName="Chat Activity" id="{b428ece6-eb3b-4fb3-8b20-fed3d6132e50}" />
      </MissingDependency>
      <MissingDependency>
        <Required type="2" schemaName="cxlvhlp_visitoripaddress" displayName="Visitor IP Address" parentSchemaName="cxlvhlp_chatactivity" parentDisplayName="Chat Activity" solution="LiveAssistByCafeX (3.5.0.0)" />
        <Dependent type="60" displayName="Information" parentDisplayName="Chat Activity" id="{b428ece6-eb3b-4fb3-8b20-fed3d6132e50}" />
      </MissingDependency>
      <MissingDependency>
        <Required type="2" schemaName="cxlvhlp_visitorlanguage" displayName="Visitor Language" parentSchemaName="cxlvhlp_chatactivity" parentDisplayName="Chat Activity" solution="LiveAssistByCafeX (3.5.0.0)" />
        <Dependent type="60" displayName="Information" parentDisplayName="Chat Activity" id="{b428ece6-eb3b-4fb3-8b20-fed3d6132e50}" />
      </MissingDependency>
      <MissingDependency>
        <Required type="2" schemaName="cxlvhlp_visitoros" displayName="Visitor OS" parentSchemaName="cxlvhlp_chatactivity" parentDisplayName="Chat Activity" solution="LiveAssistByCafeX (3.5.0.0)" />
        <Dependent type="60" displayName="Information" parentDisplayName="Chat Activity" id="{b428ece6-eb3b-4fb3-8b20-fed3d6132e50}" />
      </MissingDependency>
      <MissingDependency>
        <Required type="2" schemaName="cxlvhlp_waittimeinmillis" displayName="Wait Time in Millis" parentSchemaName="cxlvhlp_chatactivity" parentDisplayName="Chat Activity" solution="LiveAssistByCafeX (3.5.0.0)" />
        <Dependent type="60" displayName="Information" parentDisplayName="Chat Activity" id="{b428ece6-eb3b-4fb3-8b20-fed3d6132e50}" />
      </MissingDependency>
      <MissingDependency>
        <Required type="2" schemaName="ownerid" displayName="Owner" parentSchemaName="cxlvhlp_chatactivity" parentDisplayName="Chat Activity" solution="Active" />
        <Dependent type="60" displayName="Information" parentDisplayName="Chat Activity" id="{b428ece6-eb3b-4fb3-8b20-fed3d6132e50}" />
      </MissingDependency>
      <MissingDependency>
        <Required type="2" schemaName="prioritycode" displayName="Priority" parentSchemaName="cxlvhlp_chatactivity" parentDisplayName="Chat Activity" solution="LiveAssistByCafeX (3.5.0.0)" />
        <Dependent type="60" displayName="Information" parentDisplayName="Chat Activity" id="{b428ece6-eb3b-4fb3-8b20-fed3d6132e50}" />
      </MissingDependency>
      <MissingDependency>
        <Required type="2" schemaName="regardingobjectid" displayName="Regarding" parentSchemaName="cxlvhlp_chatactivity" parentDisplayName="Chat Activity" solution="Active" />
        <Dependent type="60" displayName="Information" parentDisplayName="Chat Activity" id="{b428ece6-eb3b-4fb3-8b20-fed3d6132e50}" />
      </MissingDependency>
      <MissingDependency>
        <Required type="2" schemaName="scheduledend" displayName="Due Date" parentSchemaName="cxlvhlp_chatactivity" parentDisplayName="Chat Activity" solution="LiveAssistByCafeX (3.5.0.0)" />
        <Dependent type="60" displayName="Information" parentDisplayName="Chat Activity" id="{b428ece6-eb3b-4fb3-8b20-fed3d6132e50}" />
      </MissingDependency>
      <MissingDependency>
        <Required type="2" schemaName="statecode" displayName="Activity Status" parentSchemaName="cxlvhlp_chatactivity" parentDisplayName="Chat Activity" solution="LiveAssistByCafeX (3.5.0.0)" />
        <Dependent type="60" displayName="Information" parentDisplayName="Chat Activity" id="{b428ece6-eb3b-4fb3-8b20-fed3d6132e50}" />
      </MissingDependency>
      <MissingDependency>
        <Required type="2" schemaName="subject" displayName="Subject" parentSchemaName="cxlvhlp_chatactivity" parentDisplayName="Chat Activity" solution="LiveAssistByCafeX (3.5.0.0)" />
        <Dependent type="60" displayName="Information" parentDisplayName="Chat Activity" id="{b428ece6-eb3b-4fb3-8b20-fed3d6132e50}" />
      </MissingDependency>
      <MissingDependency>
        <Required type="2" schemaName="to" displayName="To" parentSchemaName="cxlvhlp_chatactivity" parentDisplayName="Chat Activity" solution="Active" />
        <Dependent type="60" displayName="Information" parentDisplayName="Chat Activity" id="{b428ece6-eb3b-4fb3-8b20-fed3d6132e50}" />
      </MissingDependency>
      <MissingDependency>
        <Required type="26" schemaName="Visitor Post Chat Survey View" displayName="Visitor Post Chat Survey View" parentSchemaName="cxlvhlp_surveyitem" parentDisplayName="Survey Item" solution="LiveAssistByCafeX (3.5.0.0)" id="{0b16e7b3-13cb-e711-a87d-00224800449b}" />
        <Dependent type="60" displayName="Information" parentDisplayName="Chat Activity" id="{b428ece6-eb3b-4fb3-8b20-fed3d6132e50}" />
      </MissingDependency>
      <MissingDependency>
        <Required type="26" schemaName="Default VIew" displayName="Default VIew" parentSchemaName="cxlvhlp_kbrecordsforbotconversation" parentDisplayName="Knowledge Records for Bot Conversation" solution="LiveAssistByCafeX (3.5.0.0)" id="{245b9ec5-963f-e711-8113-c4346bac5238}" />
        <Dependent type="60" displayName="Information" parentDisplayName="Chat Activity" id="{b428ece6-eb3b-4fb3-8b20-fed3d6132e50}" />
      </MissingDependency>
      <MissingDependency>
        <Required type="26" schemaName="Active Survey Items" displayName="Active Survey Items" parentSchemaName="cxlvhlp_surveyitem" parentDisplayName="Survey Item" solution="LiveAssistByCafeX (3.5.0.0)" id="{4037ebd3-a2ef-41fa-a6f4-2322c8a1838e}" />
        <Dependent type="60" displayName="Information" parentDisplayName="Chat Activity" id="{b428ece6-eb3b-4fb3-8b20-fed3d6132e50}" />
      </MissingDependency>
      <MissingDependency>
        <Required type="26" schemaName="Active Knowledge Records for Bot Conversation" displayName="Active Knowledge Records for Bot Conversation" parentSchemaName="cxlvhlp_kbrecordsforbotconversation" parentDisplayName="Knowledge Records for Bot Conversation" solution="LiveAssistByCafeX (3.5.0.0)" id="{4b43a949-635d-4ac3-a8f2-b8d82dddf849}" />
        <Dependent type="60" displayName="Information" parentDisplayName="Chat Activity" id="{b428ece6-eb3b-4fb3-8b20-fed3d6132e50}" />
      </MissingDependency>
      <MissingDependency>
        <Required type="26" schemaName="Browser Context Lookup View" displayName="Browser Context Lookup View" parentSchemaName="cxlvhlp_browsercontext" parentDisplayName="Browser Context" solution="LiveAssistByCafeX (3.5.0.0)" id="{9c3d306d-fbc6-41e3-ab08-59cd7ed05901}" />
        <Dependent type="60" displayName="Information" parentDisplayName="Chat Activity" id="{b428ece6-eb3b-4fb3-8b20-fed3d6132e50}" />
      </MissingDependency>
      <MissingDependency>
        <Required type="26" schemaName="Question and Answer view" displayName="Question and Answer view" parentSchemaName="cxlvhlp_surveyitem" parentDisplayName="Survey Item" solution="LiveAssistByCafeX (3.5.0.0)" id="{c752dc54-b9d9-4cac-bf89-7545624564af}" />
        <Dependent type="60" displayName="Information" parentDisplayName="Chat Activity" id="{b428ece6-eb3b-4fb3-8b20-fed3d6132e50}" />
      </MissingDependency>
      <MissingDependency>
        <Required type="26" schemaName="My Page Views" displayName="My Page Views" parentSchemaName="cxlvhlp_pageview" parentDisplayName="Page View" solution="LiveAssistByCafeX (3.5.0.0)" id="{fdc0994f-8eb9-e711-a953-000d3a37ab2b}" />
        <Dependent type="60" displayName="Information" parentDisplayName="Chat Activity" id="{b428ece6-eb3b-4fb3-8b20-fed3d6132e50}" />
      </MissingDependency>
      <MissingDependency>
        <Required type="60" displayName="Information" parentDisplayName="Mobile Context" solution="LiveAssistByCafeX (3.5.0.0)" id="{947469d0-886d-44d2-a426-efb7f545757a}" />
        <Dependent type="60" displayName="Information" parentDisplayName="Chat Activity" id="{b428ece6-eb3b-4fb3-8b20-fed3d6132e50}" />
      </MissingDependency>
      <MissingDependency>
        <Required type="60" displayName="Information" parentDisplayName="Chat Activity" solution="LiveAssistByCafeX (3.5.0.0)" id="{b428ece6-eb3b-4fb3-8b20-fed3d6132e50}" />
        <Dependent type="60" displayName="Information" parentDisplayName="Chat Activity" id="{b428ece6-eb3b-4fb3-8b20-fed3d6132e50}" />
      </MissingDependency>
      <MissingDependency>
        <Required type="60" displayName="Information" parentDisplayName="Browser Context" solution="LiveAssistByCafeX (3.5.0.0)" id="{d6068253-a3b9-41e4-a028-c2522e892785}" />
        <Dependent type="60" displayName="Information" parentDisplayName="Chat Activity" id="{b428ece6-eb3b-4fb3-8b20-fed3d6132e50}" />
      </MissingDependency>
      <MissingDependency>
        <Required type="61" schemaName="cxlvhlp_/Scripts/chat_main_system_library.js" displayName="cxlvhlp_/Scripts/chat_main_system_library.js" solution="LiveAssistByCafeX (3.5.0.0)" />
        <Dependent type="60" displayName="Information" parentDisplayName="Chat Activity" id="{b428ece6-eb3b-4fb3-8b20-fed3d6132e50}" />
      </MissingDependency>
    </MissingDependencies>
  </SolutionManifest>
</ImportExportXml>